CPF Fake,Nome Fake,Endereco Fake,Bairro Fake,CEP,Cidade Fake,UF,Data_Nascimento Fake,Score Fake
10844309591,Abelardo guerra,Rua Amapa (Cj Marex) 711,Val-de-Caes,66617540,Belem,PA,30061983,535
60361123515,Acacio vaccari,"Rua Raimundo Nonato, 1000",Jd Comerciarios,31640230,Belo horizonte,mg,20081968,998
30537654542,Ada teodoro,Rua Manoel Ache 1005,Jardim Iraja,14020590,S J dos campos,SP,27011988,621
63864714311,Adelaide Belem,"Viaduto Tiradentes, 106",Rio Branco,90430200,Porto Alegre,RS,21011982,863
15468393565,Adele Dinis,"Rua Pampulha, 1879",Cj Taquaril,30290494,Belo Horizonte,MG,16021992,418
16080441063,Adele Reis,"Beco Nove de Julho, 12",N Sra Fatima,30230170,Belo horizonte,mg,29031960,882
63683218304,Adelia walker,SCS Quadra 8 Bloco B Lotes 50/65,Asa Sul,70333900,Brasilia,DF,05011966,754
99503764246,Adelina Andrade,Av Brasil 203,Garcia,40100560,Salvador,BA,05021997,931
79070392313,Adelina Cazzian,"Rua Gutenberg Alvarenga, 113",Vila Caraguata,11535090,Cubatao,sp,27051963,947
78853862955,Adelina mazzali,Rua Manoel Ache 995,Jardim Iraja,14020590,S J dos campos,SP,27011988,974
60872866912,Adriane Ibrahim,"Rua prof Max Zendron, 904",Vl Sao Jorge,06402010,Barueri,SP,08031972,439
00421269405,Adrienne Ferrari,Rua Manoel Ache 1006,Jardim Iraja,14020590,S J dos campos,SP,27011988,705
47831341625,Agatha Britto,"Rua Placido de Castro, 8122",J Kubitschek,76829385,Porto Velho,RO,19011980,487
73474751204,Agatha Fogaca,"Rua Noruega, 1934",Jd Alto Rio Preto,15020230,S J do Rio Preto,sp,06041968,453
40392874954,Agnes vescovi,"AV CABO BRANCO, 26",Cabo Branco,58045905,Joao Pessoa,PB,13011974,155
33325725554,Akako Crespo,"Avenida N Sra de Copacabana, 1109",Copacabana,22070011,Rio de Janeiro,RJ,17011978,183
54342029022,Alaíde Menezes,Rua Sao Joao 257,Santa Laura,78091152,Cuiaba,MT,11011972,457
76118657491,Alana ladeira,Rua Nova Republica 500 5 and,Vila Luizao,65068635,Sao Luiz,MA,08011969,391
51625859392,Alana Neves,Rua Sao Joao 262,Santa Laura,78091152,Cuiaba,MT,11011972,878
51029585504,Alanna Maia,"Avenida Rui Barbosa, 803",Torre,58040490,Joao Pessoa,PB,19021989,825
48446690527,Alba de Gouveia,"Viaduto Tiradentes, 102",Rio Branco,90430200,Porto Alegre,RS,21011982,576
30995067376,Alba de Novais,"Avenida Rui Barbosa, 800",Torre,58040490,Joao pessoa,PB,06081956,711
54366560305,Alba lage,"Rua Placido de Castro, 8128",J Kubitschek,76829385,Porto Velho,RO,19011980,838
24403259375,Albertina Dinis,Rua Joe Collaço. 583,Santa Monica,88035200,Florianopolis,SC,22011983,543
18307905877,Albertina meira,"Rua Gutenberg Alvarenga, 116",Vila Caraguata,11535090,Cubatao,sp,27051963,894
98369218008,Alcione Nobrega,Rua Nova Republica 500 24 and,Vila Luizao,65068635,Sao Luiz,MA,08011969,826
23602104249,Alcione saad,"Rua Gutenberg Alvarenga, 118",Vila Caraguata,11535090,Cubatao,sp,27051963,280
17210685898,Alda Farias,Avenida Ceci 789,Tambore,06460120,Barueri,SP,19031963,679
61830899236,Aldine mazzaropi,"Rua Placido de Castro, 8133",J Kubitschek,76829385,Porto Velho,RO,19011980,602
69251960593,Aldine timberg,Rua Lapa 24 apto 17,Esplanada,30280120,Belo Horizonte,MG,09011970,719
25769670193,Alegra castiel,Rua Sao Joao 271,Santa Laura,78091152,Cuiaba,MT,11011972,683
19608753295,Alex Belem,"Rua Paulista, 789 cj 22",Piraja,31910340,Belo horizonte,mg,08041970,785
35354505275,Alexandra couto,Rua Joe Collaço. 577,Santa Monica,88035200,Florianopolis,SC,22011983,841
16979137255,Alexandra dutra,"Avenida Rui Barbosa, 799",Torre,58040490,Joao Pessoa,PB,03021995,927
39551807782,Alice ferreira,"Rua Placido de Castro, 8124",J Kubitschek,76829385,Porto Velho,RO,19011980,788
89199723204,Alicia ceotto,"Av. Glaycon de Paiva, 730",Centro,69301250,Bos Vista,RR,20011981,582
27677387829,aline ferrarini,Rua Lapa 399,Esplanada,30280120,Belo Horizonte,MG,09011970,749
47447753068,aline ferreira,"Travessa Largo do Farol, 56 casa 3",Mae Luiza,59014382,Natal,RN,18011979,688
78856766175,aline Santana,Rua Manoel Ache 1007,Jardim Iraja,14020590,S J dos campos,SP,27011988,969
38070125594,alisson vescovi,"Av. Glaycon de Paiva, 723",Centro,69301250,Bos Vista,RR,20011981,677
75627280034,Allegra Magalhaes,"Rua Placido de Castro, 8141",J Kubitschek,76829385,Porto Velho,RO,19011980,896
44679812923,Allegra Ourique,"Av. Glaycon de Paiva, 725",Centro,69301250,Bos Vista,RR,20011981,725
92682302912,Allegra rigone,"Beco da Consolacao, 101 casa 2",Consolacao,29045466,Vitoria,ES,06011967,267
77788068438,Alvaro grillo,"Viaduto Tiradentes, 110",Rio Branco,90430200,Porto Alegre,RS,21011982,527
97483892609,alysson de Velloso,"Beco da Consolacao, 101 casa 7",Consolacao,29045466,Vitoria,ES,06011967,740
32821121571,alysson Reis,Rua Nova Republica 500 12 and,Vila Luizao,65068635,Sao Luiz,MA,08011969,866
31424213517,Alzira Floriano,Rua Lapa 24 apto 23,Esplanada,30280120,Belo Horizonte,MG,09011970,519
75523707856,amaury Portela,"Rua Placido de Castro, 8119",J Kubitschek,76829385,Porto Velho,RO,19011980,537
65936393119,amaury zucoloto,"2a Travessa Rio Largo, 7",COHAB,51340002,Recife,PE,14011975,967
88502292161,Amelie Marques,"Rua Raimundo Nonato, 2004",Jd Comerciarios,31640230,Belo Horizonte,MG,01051990,840
67237192558,Amisha guerra,Alameda do Forte 1811,Piata,41650375,Salvador,BA,04011964,61
76654805194,Amisha Ramires,Rua Manoel Ache 1003,Jardim Iraja,14020590,S J dos campos,SP,27011988,629
11486702546,Ana Albuquerque,Rua Lapa 24 apto 20,Esplanada,30280120,Belo Horizonte,MG,09011970,367
72309323195,ana claudia Garcia,"Rua Placido de Castro, 8137",J Kubitschek,76829385,Porto Velho,RO,19011980,986
67872346435,ana cristina schneider,"AV CABO BRANCO, 30",Cabo Branco,58045905,Joao Pessoa,PB,13011974,741
10499355512,ana luiza de lucca,"Beco Nove de Julho, 14",N Sra Fatima,30230170,Belo horizonte,mg,29031960,680
80857085824,ana luiza Pinheiro,"Travessa Largo do Farol, 56 casa 6",Mae Luiza,59014382,Natal,RN,18011979,727
87507768007,ana maria lino,"Rua Piraja da silva, 41 3 andar",Vl Metalurgica,09220830,Santo andre,sp,16091980,461
81590019164,Ana Novais,"Viaduto Tiradentes, 555 bloco C",Rio Branco,90430200,Porto Alegre,RS,11101968,749
62343210039,ana paula langrin,"Rua Raimundo Nonato, 2005",Jd Comerciarios,31640230,Belo Horizonte,MG,01051990,883
80731779355,anderson aveleda,Via Republica do Equador 62,Montese,60420820,Fortaleza,CE,04011965,720
70504661078,anderson Corte Real,Rua Manoel Ache 996,Jardim Iraja,14020590,S J dos campos,SP,27011988,888
56012014554,anderson wash,"2a Travessa Rio Largo, 1",COHAB,51340002,Recife,PE,14011975,980
45202908059,Andre jacomelli,"Avenida Rui Barbosa, 798",Torre,58040490,Joao pessoa,pb,11101979,998
67137269095,Andre zacchi,"Beco da Consolacao, 101 casa 11",Consolacao,29045466,Vitoria,ES,06011967,419
72086129785,Andrea franca,Avenida Equatorial 236,Jd Marco Zero,68903361,Macapa,AP,03011963,658
92779272325,Andreia Sales,Passagem Jarbas Passarinho 684,Castanheira,66645410,Belem,PA,12011973,257
65988932169,Andresa belmock,Rua Manoel Ache 1000,Jardim Iraja,14020590,S J dos campos,SP,27011988,457
63543429973,andressa de sousa,Rua Lapa 55,Esplanada,30280120,Belo Horizonte,MG,02031978,388
88199072911,andressa martinelli,"Rua Niteroi, 2002",Pq Ind Lagoinha,14095020,Ribeirao preto,sp,23041985,667
19156167784,andressa Nogueira,Avenida Equatorial 355,Jd Marco Zero,68903361,Macapa,AP,03011963,981
80557491673,Andrezza brooke,rua macatuba 10 sala 50,vila morellato,06408040,Barueri,sp,31031962,464
93357565714,Andrezza canzian,Rua Nossa Senhora da Consolacao 1,Angelim,64040685,Teresina,PI,15011976,877
32855607205,Andrezza Infante,Rua Manoel Ache 989,Jardim Iraja,14020590,S J dos campos,SP,27011988,578
45606831406,Angelika Cordoba,beco jardim Paulista s/n,Aleixo,69060361,S J dos campos,SP,12071990,214
96531747544,Angelina Jacques,Rua Nova Republica 500 10 and,Vila Luizao,65068635,Sao Luiz,MA,08011969,945
04299542045,Anna walloey,"Rua Direita da Piedade 10, 10 and",Barris,50070190,Salvador,ba,10041972,580
14219152865,Anne barbosa,"Rua Nina Lima, 900 bloco d",Trincheiras,58011090,Joao Pessoa,PB,20031962,561
54659360709,anthony das Neves,Rua Lapa 404,Esplanada,30280120,Belo Horizonte,MG,09011970,889
52558329286,anthony de Lacerda,"Praça Tito Silva, 302",Miramar,58043092,Joao pessoa,PB,01041963,441
36862437844,anthony Quarteira,"Av. Glaycon de Paiva, 720",Centro,69301250,Bos Vista,RR,20011981,229
59975737455,antonela dos santos ,Rodovia dos Naufragos km 332,Zona de Expansao,49000016,Aracaju,SE,23011984,188
97174635571,Antonia jannarelli,"Rua Jaragua, 107",Jd Topazio,12216460,S J dos campos,SP,23031959,957
27693087508,Antonio abbenberg,Rua Montreal 87,jardim canada,14024130,Ribeirao Preto,SP,11021997,368
59054353678,Antonio da costa,"Praça Tito Silva, 301",Miramar,58043092,Joao pessoa,pb,24041986,716
82054347191,Antonio de Menezes,Av Brasil 1000,Compensa,69036110,Manaus,AM,03011962,416
70487398009,Antonio lightwood,"Rua Raimundo Nonato, 2001",Jd Comerciarios,31640230,Belo Horizonte,MG,01051990,524
13469981833,Aphonso zucolo,Rua Joe Collaço. 580,Santa Monica,88035200,Florianopolis,SC,22011983,527
84622988658,Apolo Jaques,"Avenida Rui Barbosa, 806",Torre,58040490,Joao pessoa,PB,06081956,568
64519399866,Apolo wisch,Via Republica do Equador 63,Montese,60420820,Fortaleza,CE,04011965,688
83810505293,aristarco fonseca,"Rua Paulista, 789 cj 21",Piraja,31910340,Belo horizonte,mg,08041970,774
47561032196,Arthur doyle,Avenida Equatorial 367,Jd Marco Zero,68903361,Macapa,AP,03011963,692
18793798482,Arthur Furtado,"2a Travessa Rio Largo, 10",COHAB,51340002,Recife,PE,14011975,822
51160998817,Arthur Maciel,"Beco da Consolacao, 101 casa 5",Consolacao,29045466,Vitoria,ES,06011967,967
82209925304,Artur Ferrari,"Rua Placido de Castro, 8126",J Kubitschek,76829385,Porto Velho,RO,19011980,396
27892499547,atriel Veiga,rua joviania 654,cidade maia,07114080,Guarulhos,SP,20021988,437
61778862489,ava castiel,SCS Quadra 8 Bloco B Lotes 50/64,Asa Sul,70333900,Brasilia,DF,05011966,684
40731578503,ava giglioli,"Rua Placido de Castro, 8139",J Kubitschek,76829385,Porto Velho,RO,19011980,698
34947128089,ayla dolabella,Rua Lapa 403,Esplanada,30280120,Belo Horizonte,MG,09011970,633
48148309205,ayla lange,Rua Direita da Piedade 677,Barris,50070190,Salvador,BA,29041989,233
27163110723,ayla schoemberg,Avenida Ceara 248,Baixada Habitasa,69905163,Rio Branco,AC,01011960,759
71295818752,barbara mazzaropi,beco jardim Paulista s/n,Aleixo,69060361,S J dos campos,SP,12071990,438
19659528019,Beatriz hamburg,"Rua Pampulha, 1877",Cj Taquaril,30290494,Belo Horizonte,MG,16021992,732
72905484853,Benjamin Flores,Rua Lapa 24 apto 18,Esplanada,30280120,Belo Horizonte,MG,09011970,558
34996513942,Bento salles,Rua Manoel Ache 31 sala 12,Jardim Iraja,14020590,S J dos campos,SP,27011988,796
01325162922,Bento Teles,"Beco da Consolacao, 101 casa 12",Consolacao,29045466,Vitoria,ES,06011967,795
61207916471,Bernardo ataide,"Rua Placido de Castro, 8140",J Kubitschek,76829385,Porto Velho,RO,19011980,670
25074230055,Bernardo de melo,Rua Montreal 87,jardim canada,14024130,Ribeirao Preto,SP,11021997,933
24230428502,Bernardo de souza,"Rua Siqueira Campos, 962",Centro,12210250,S J dos campos,SP,21031961,966
80892596503,Betina menegel,Avenida Guaicurus 341,Jd Campina Verde,79062194,Campo Grande,MS,10011971,903
06090242136,Betina Sales,"Rua Piraja da silva, 45 2 andar",Vl Metalurgica,09220830,Santo andre,sp,21041983,647
85487817693,bianca tome,rua macatuba 10 sala 20,vila morellato,06408040,Barueri,sp,30071951,818
29178643627,Bruno gianezi,"Beco da Consolacao, 101 casa 10",Consolacao,29045466,Vitoria,ES,06011967,359
12207461424,Caetano Dorneles,Rua Manoel Ache 516,Jardim Iraja,14020590,S J dos campos,SP,31071958,655
00348167555,Caetano doyle,"Rua Placido de Castro, 8138",J Kubitschek,76829385,Porto Velho,RO,19011980,439
66747193075,Caetano Moura,Rua Manoel Ache 992,Jardim Iraja,14020590,S J dos campos,SP,27011988,759
27881101385,Caetano zanelatto,Rua Engenheiros Reboucas 1426,Reboucas,80230040,Curitiba,pr,08051994,511
09090324674,Caio hoffmann,"Av. Glaycon de Paiva, 722",Centro,69301250,Bos Vista,RR,20011981,676
81231250895,camila esmeria,"Av. Glaycon de Paiva, 729",Centro,69301250,Bos Vista,RR,20011981,784
95947987422,carmen vandino,Avenida Vila Paulista 80,Santa Monica,40342180,Salvador,BA,22071996,592
45334204431,Carolina bernardi,"Rua Placido de Castro, 8132",J Kubitschek,76829385,Porto Velho,RO,19011980,911
35018474084,Carolina Rebelo,"2a Travessa Rio Largo, 2",COHAB,51340002,Recife,PE,14011975,357
13021085067,caroline Geraldes,"AV CABO BRANCO, 29",Cabo Branco,58045905,Joao Pessoa,PB,13011974,909
11492537381,caroline stalone,Avenida Equatorial 298,Jd Marco Zero,68903361,Macapa,AP,03011963,829
02497634351,Catarina sander,Alameda do Forte km 4 Bloco B,Piata,41650375,Salvador,BA,05031975,808
63256473865,Catarina stalone,"Rua Paulista, 793",Piraja,31910340,Belo Horizonte,MG,25041988,918
33674343886,Cecilia beckmann,Alameda do Forte,Piata,41650375,Salvador,ba,27041988,876
63110495465,Cecilia da silva,"Viaduto Tiradentes, 101",Rio Branco,90430200,Porto Alegre,RS,21011982,656
09263837104,cezar beckmann,"Av. Glaycon de Paiva, 715",Centro,69301250,Bos Vista,RR,20011981,807
03200303859,cezar Mello,Rodovia dos Naufragos km 333,Zona de Expansao,49000016,Aracaju,SE,23011984,481
23323674464,cezar pedroso,"Rua Placido de Castro, 8135",J Kubitschek,76829385,Porto Velho,RO,19011980,795
93262630969,charles Jacques,Rua Manoel Ache 991,Jardim Iraja,14020590,S J dos campos,SP,27011988,667
12370578335,christina Teixeira,"R Comend Gabriel Calfat, 77",Jd Leonor,05621000,Sao paulo,sp,22051960,816
90565024507,Cicero sanches,Rua Lapa 24 apto 25,Esplanada,30280120,Belo Horizonte,MG,09011970,972
93728422495,Clarisse beckmann,Avenida Ceci 111,Tambore,06460120,Barueri,sp,26081971,242
76985619339,Clarisse Freitas,"Rua Diamantina, 308",Jd Ismenia,12220663,S J dos campos,SP,11031969,727
22265945315,claudia Freitas,Avenida Ceara 506 apto 36,Baixada Habitasa,69905163,Rio Branco,AC,11111999,297
20981766005,claudia pessoa,"Rua Nina Lima, 1708",Trincheiras,58011090,Joao pessoa,pb,25041987,588
06544146617,claudinea zucolo,"Rua Niteroi, 2000",Pq Indl Lagoinha,14095020,Ribeirao preto,sp,28071950,543
87982657419,claudineia Chaves,Rua Nossa Senhora da Consolacao 2,Angelim,64040685,Teresina,PI,15011976,711
52570545236,clelia Magalhaes,"AV CABO BRANCO, 25",Cabo Branco,58045905,Joao Pessoa,PB,13011974,110
19410825563,coralina Barros,"Travessa Largo do Farol, 59",Mae Luiza,59014382,Natal,RN,18011979,759
02982129272,cristiana Morais,Rua Joe Collaço. 578,Santa Monica,88035200,Florianopolis,SC,22011983,525
94720125743,cristiano Camacho,Rua Amapa (Lot Ipe) 55,Bone Azul,68909461,Macapa,AP,28061982,254
16103536502,cristiano Escobar,Alameda do Forte 1807,Piata,41650375,Salvador,BA,04011964,735
23532561042,cristiano franco,"Rua Paulista, 790",Piraja,31910340,Belo Horizonte,MG,15031967,439
02225977208,cristina balestre,"Rua Eponino Macuco, 100",Capao Raso,81110450,Curitiba,PR,16011977,342
92101723026,cristina Brittes,"Viaduto Tiradentes, 116",Rio Branco,90430200,Porto Alegre,RS,21011982,585
36215049239,daniel castiel,"Viaduto Tiradentes, 100",Rio Branco,90430200,Porto Alegre,RS,21011982,529
54526468339,daniel de giacomo,Avenida Guaicurus 339,Jd Campina Verde,79062194,Campo Grande,MS,10011971,678
14326852011,daniel Rezende,Rua Sao Joao 268,Santa Laura,78091152,Cuiaba,MT,11011972,653
21590046854,daniele filipovi,"Viaduto Tiradentes, 105",Rio Branco,90430200,Porto Alegre,RS,21011982,649
14217914636,danielle de Gouveia,1203 Sul Alameda 1,Plano Diretor,77019435,Palmas,TO,25011986,46
91862094691,Dante de assis,Avenida Aruana 207,Tambore,06460010,Barueri,SP,18071993,885
46203243612,diana castiel,SCS Quadra 8 Bloco B Lotes 50/63,Asa Sul,70333900,Brasilia,DF,05011966,781
90357339754,diana Jaques,"Rua Raimundo Nonato, 200",Jd Comerciarios,31640230,Belo Horizonte,MG,10021998,528
58442378707,diego Andrade,"Viaduto Tiradentes, 114",Rio Branco,90430200,Porto Alegre,RS,21011982,625
31611306779,diego lago,Rodovia dos Naufragos km 330,Zona de Expansao,49000016,Aracaju,SE,23011984,802
79235997348,Dora de vargas,Avenida Vila Paulista 79f,Santa Monica,40342180,Salvador,BA,01121988,605
53715996811,Doralice giglioli,Travessa Paraguacu Paulista 100,Crespo,69073189,Manaus,AM,22021986,531
46119802274,edson hermann,"Rua Paulista, 87",Piraja,31910340,Belo horizonte,mg,14081962,913
85776667194,eduarda atique,"Rua Paulista, 791",Piraja,31910340,Belo Horizonte,MG,08021999,738
14415348491,eduarda Muniz,"Rua Gutenberg Alvarenga, 115",Vila Caraguata,11535090,Cubatao,sp,27051963,759
94313528938,Eduardo Curado,"Rua Noruega, 1934",Jd Alto Rio Preto,15020230,S J do Rio Preto,sp,10081958,774
98654402377,eika liberato,"2a Travessa Rio Largo, 4",COHAB,51340002,Recife,PE,14011975,610
36634379572,elias zuchi,"Rua Pampulha, 101",Cj Taquaril,30290494,belo horizonte,mg,04091974,910
88385284974,Elis Brito,"Rua prof Max Zendron, 903",Vl Sao Jorge,06402010,Barueri,SP,08031972,525
32857297327,Elis Conceicao,"R Comend Gabriel Calfat, 77",Jd Leonor,05621000,Sao paulo,sp,22051960,327
00392245205,Elis Siqueira,Passagem Jarbas Passarinho 682,Castanheira,66645410,Belem,PA,12011973,578
81431607509,Elisa kalil,"Travessa Largo do Farol, 57",Mae Luiza,59014382,Natal,RN,18011979,541
06650739251,emannuel Gonzaga,Largo Santa Cruz 21,Trapiche da Barra,57010373,Maceio,AL,02011961,372
80127677836,emannuel leal,Avenida Aruana 205,Tambore,06460010,Barueri,sp,08101978,265
12863339621,emannuel lins,"2a Travessa Rio Largo, 3",COHAB,51340002,Recife,PE,14011975,509
70371367433,emannuel Mayer,Rua Sao Joao 266,Santa Laura,78091152,Cuiaba,MT,11011972,485
32172359912,emilia dos santos ,"Rua dos Pinheiros, 504",Jorge Teixeira,69088400,Manaus,am,12081960,844
93570542602,emilia hamburg,"Beco Nove de Julho, 9",N Sra de Fatima,30230170,Belo Horizonte,MG,23021985,607
66168539182,emilia Mendes,"Avenida Rui Barbosa, 805",Torre,58040490,Joao pessoa,PB,06081956,938
71028796366,emilia Torres,"Rua Paulista, 792",Piraja,31910340,Belo Horizonte,MG,15031967,896
02218988321,emiliana Assis,"Av. Glaycon de Paiva, 724",Centro,69301250,Bos Vista,RR,20011981,884
75524773933,emiliana Portela,"Praça Tito Silva, 300",Miramar,58043092,Joao pessoa,pb,10111985,866
37964227726,emilio Belchior,"Rua Raimundo Nonato, 258",Jd Comerciarios,31640230,belo horizonte,mg,02081953,896
95308332371,Enrico Novais,Rua Joe Collaço. 581,Santa Monica,88035200,Florianopolis,SC,22011983,251
78315505777,enzo Brites,Estr Municipal Rodolfo Sebastião Alvarenga km25,Costinha,12214460,S J dos campos,SP,02061967,764
18020171606,epitacio da gama,Alameda do Forte 1810,Piata,41650375,Salvador,BA,04011964,524
34210386782,epitacio raposo,Avenida Equatorial 789,Jd Marco Zero,68903361,Macapa,AP,03011963,934
93213796905,erick de Resende,"Rua Pampulha, 13 bloco A",Cj Taquaril,30290494,belo horizonte,mg,01101973,677
07146997561,Estela de queiroz,Avenida Equatorial 123,Jd Marco Zero,68903361,Macapa,AP,03011963,818
44657234587,Estela Gouveia,Via Republica do Equador 61,Montese,60420820,Fortaleza,CE,04011965,494
16608761414,Estevao colaferri,"Beco da Consolacao, 101 casa 13",Consolacao,29045466,Vitoria,ES,06011967,451
00734111088,Eunice vandino,"AV CABO BRANCO, 23",Cabo Branco,58045905,Joao Pessoa,PB,13011974,641
05558176105,evelyn woodward,"Rua Gutenberg Alvarenga, 117",Vila Caraguata,11535090,Cubatao,sp,27051963,701
74515781782,Fabiano silvestorne,"Viaduto Tiradentes, 113",Rio Branco,90430200,Porto Alegre,RS,21011982,687
16067459302,Fabio mazzali,"Av. Glaycon de Paiva, 726",Centro,69301250,Bos Vista,RR,20011981,775
01421922282,Fabio Rabelo,"Travessa Largo do Farol, 66",Mae Luiza,59014382,Natal,RN,18011979,657
55990889526,fausto ganzarolli,Rua Lapa 24 apto 27,Esplanada,30280120,Belo Horizonte,MG,09011970,585
30123957842,felipe atique,"Travessa Largo do Farol, 56 casa 5",Mae Luiza,59014382,Natal,RN,18011979,790
28146571352,felipe Figueiredo,Avenida Aruana 201,Tambore,06460010,Barueri,SP,25031957,906
76448349588,felipe Infante,"Av. dos Estudantes, 238",Vl Aeroporto,15025310,S J do Rio Preto,sp,22081970,870
94263800605,fernando dolla,Rua Nossa Senhora da Consolacao 3,Angelim,64040685,Teresina,PI,15011976,461
84274395049,filipe e Almeida,Av Brasil 205,Garcia,40100560,Salvador,BA,05021997,815
30617157383,flavia de Moura,"Rua Cila, 561",Vila Imperial,15015800,S J do Rio Preto,sp,08081957,364
73420996519,flavio de Gouveia,Avenida Ceara 506 apto 12,Baixada Habitasa,69905163,Rio Branco,AC,11111999,712
53822130702,Floriano esmeria,SCS Quadra 8 Bloco B Lotes 50/60,Asa Sul,70333900,Brasilia,DF,05011966,583
30445031328,Floriano Gentil,Rua Nova Republica 500 11 and,Vila Luizao,65068635,Sao Luiz,MA,08011969,966
96390047312,fred Domingues,"Beco da Consolacao, 101 casa 8",Consolacao,29045466,Vitoria,ES,06011967,822
11446401138,frederico de lucca,"Rua Niteroi, 2001",Pq Indl Lagoinha,14095020,Ribeirao preto,sp,28071950,572
17124386624,fritz giacomo,"Rua Placido de Castro, 8127",J Kubitschek,76829385,Porto Velho,RO,19011980,728
83430692695,gabriel bastos,"Rua Pampulha, 501 bloco B",Cj Taquaril,30290494,Belo Horizonte,MG,16021992,955
27486005336,gabriel Castro,"Beco da Consolacao, 101 casa 9",Consolacao,29045466,Vitoria,ES,06011967,504
31384094741,gabriel zucolo,Passagem Jarbas Passarinho 681,Castanheira,66645410,Belem,PA,12011973,404
47540034386,gabriele de Moura,"Rua Placido de Castro, 8125",J Kubitschek,76829385,Porto Velho,RO,19011980,888
40901767514,gabriele Dias,Rua Nova Republica 500 15 and,Vila Luizao,65068635,Sao Luiz,MA,08011969,537
73309119416,gabriele porto,"Rua Paulista, 794",Piraja,31910340,Belo Horizonte,MG,08021999,926
24788423782,gabrielle Meirelles,"Beco da Consolacao, 101 casa 6",Consolacao,29045466,Vitoria,ES,06011967,850
78242383189,gael Muniz,Rua Direita da Piedade 677,Barris,50070190,Salvador,BA,16031966,424
82192827113,George Lessa,"Rua Placido de Castro, 8136",J Kubitschek,76829385,Porto Velho,RO,19011980,510
59954662839,geovane parent,Passagem Jarbas Passarinho 680,Castanheira,66645410,Belem,PA,12011973,710
22189470722,giana belikov,"Travessa Largo do Farol, 58",Mae Luiza,59014382,Natal,RN,18011979,756
57689398731,giana woodward,Rua Joe Collaço. 582,Santa Monica,88035200,Florianopolis,SC,22011983,566
40990182967,giovana barbosa,Rua Lapa 24 apto 24,Esplanada,30280120,Belo Horizonte,MG,09011970,991
03274832294,giovani crispim,Avenida Ceara 506 apto 68,Baixada Habitasa,69905163,Rio Branco,AC,11111999,743
89691289725,giovani hoffmann,SCS Quadra 8 Bloco B Lotes 50/66,Asa Sul,70333900,Brasilia,DF,05011966,521
71118361032,giovani Rebello,"Rua Piraja da silva, 45 1 andar",Vl Metalurgica,09220830,Santo andre,sp,16101981,410
50337939349,giovani wash,"Rua Gutenberg Alvarenga, 114",Vila Caraguata,11535090,Cubatao,sp,27051963,519
21615631909,giovanna atique,"Av. dos Estudantes, 237",Vl Aeroporto,15025310,S J do Rio Preto,sp,22081970,107
64682291467,giovanna montenegro,"Viaduto Tiradentes, 115",Rio Branco,90430200,Porto Alegre,RS,21011982,937
12623009759,Gisela Guterres,"Rua Pampulha, 10a bloco b",Cj Taquaril,30290494,belo horizonte,mg,16041978,466
10919758762,Guilhermina Portela,Alameda do Forte 1808,Piata,41650375,Salvador,BA,04011964,796
80680805206,Gustavo Gouveia,Rua Promotor Jose Medeiros 33,Farolandia,49030690,Aracaju,SE,19031963,972
10935120165,Gustavo Sampaio,"Rua Raimundo Nonato, 328",Jd Comerciarios,31640230,Belo horizonte,mg,11041973,671
52383203963,hans Alencastro,"Avenida Rui Barbosa, 801",Torre,58040490,Joao pessoa,PB,06081956,281
26426947989,heinz de giacomo,Avenida Equatorial 201,Jd Marco Zero,68903361,Macapa,AP,03011963,586
37251488728,heinz de Peixoto,Rua Montreal 80,jardim canada,14024130,Ribeirao Preto,SP,11021997,805
57040365545,heinz morgan,SCS Quadra 8 Bloco B Lotes 50/61,Asa Sul,70333900,Brasilia,DF,05011966,664
17081132073,Heitor filipovi,Rua Lapa 55,Esplanada,30280120,Belo Horizonte,MG,02031978,558
12792204494,Heitor zanata,"Av. Glaycon de Paiva, 719",Centro,69301250,Bos Vista,RR,20011981,806
66577684782,Helena Garcia,Rua Lapa 24 apto 22,Esplanada,30280120,Belo Horizonte,MG,09011970,461
48306674006,Helena hamburg,rua macatuba 10 sala 99,vila morellato,06408040,Barueri,sp,31031962,754
29578661703,helenne fischer,"Beco Nove de Julho, 16",Nossa Sra Fatima,30230170,Belo horizonte,mg,24061980,965
92332515941,helenne Guimaraes,Avenida Guaicurus 340,Jd Campina Verde,79062194,Campo Grande,MS,10011971,963
25084531708,helenne Teles,"AV CABO BRANCO, 24",Cabo Branco,58045905,Joao Pessoa,PB,13011974,124
01198210524,Helio buckmann,"2a Travessa Rio Largo, 8",COHAB,51340002,Recife,PE,14011975,870
02651940402,Helio mallory,"Rua Cila, 555",Vila Imperial,15015800,S J do Rio Preto,sp,08081957,277
62357063327,Helio Morais,Rua Amapa (Cj Marex) 78 bloco D,Val-de-Caes,66617540,Belem,PA,30061983,931
69223180481,hellen Vieira,"Travessa Largo do Farol, 63",Mae Luiza,59014382,Natal,RN,18011979,708
93814078276,Heloisa calil,Rua Fernando Ribeiro Reboucas 1009,Gabriela,44028883,Feira de Santana,BA,12051996,952
66246292666,heloise lambertini,"Travessa Largo do Farol, 56 casa 7",Mae Luiza,59014382,Natal,RN,18011979,854
78906238878,Henrique Domingues,"2a Travessa Rio Largo, 6",COHAB,51340002,Recife,PE,14011975,211
68641497307,Henrique giglioli,"Beco Nove de Julho, 10",N Sra Fatima,30230170,Belo horizonte,mg,26071999,861
87353545771,Henrique schurmann,Rua Sao Joao 261,Santa Laura,78091152,Cuiaba,MT,11011972,673
03552847588,henry vaccari,"Beco Nove de Julho, 13",Nossa Sra Fatima,30230170,Belo horizonte,mg,26101982,893
03352942943,hugo de novaes,"Rua Eponino Macuco, 100",Capao Raso,81110450,Curitiba,PR,16011977,369
83050342919,hugo de Reszende,Rua Sao Joao 260,Santa Laura,78091152,Cuiaba,MT,11011972,661
26933472892,hugo penha,"Rua Gutenberg Alvarenga, 111",Vila Caraguata,11535090,Cubatao,sp,27051963,566
79841774305,hugo trump,Rua Direita 50,Paranapiacaba,09150230,Santo andre,sp,05051993,876
95230118202,hygor Corona,Via Republica do Equador 65,Montese,60420820,Fortaleza,CE,04011965,919
08755943365,hygor da rocha,Avenida Ceara 101 10 and,Baixada Habitasa,69905163,Rio Branco,AC,17111999,362
72737857171,iago de lucca,"Av. Glaycon de Paiva, 728",Centro,69301250,Bos Vista,RR,20011981,474
70208279776,iago esmeria,"Travessa Largo do Farol, 56 casa 2",Mae Luiza,59014382,Natal,RN,18011979,940
08188614017,Inacio fonseca,Passagem Jarbas Passarinho 685,Castanheira,66645410,Belem,PA,12011973,902
81577090241,isaac filipovi,Rua Primeiro de Janeiro 50,Centro,19740000,Bora,SP,31011992,404
51942331673,isaac Gil,rua macatuba 30,vila morellato,06408040,Barueri,SP,25021983,462
45031989637,isaac Jaques,alameda madeira 2098,alphaville indl,06454010,Barueri,SP,03031977,962
31769114599,isabel Melo,"Travessa Largo do Farol, 60",Mae Luiza,59014382,Natal,RN,18011979,784
97603971101,Isabela campos,Rua Nova Republica 500 18 and,Vila Luizao,65068635,Sao Luiz,MA,08011969,454
68477671702,Isabela netto,Estr Municipal Rodolfo Sebastião Alvarenga km25,Costinha,12214460,S J dos campos,SP,02061967,354
67498162822,Isabela Novais,Rua Manoel Ache 990,Jardim Iraja,14020590,S J dos campos,SP,27011988,544
08169298407,isabele Infante,Rua Manoel Ache 988,Jardim Iraja,14020590,S J dos campos,SP,27011988,664
45471705173,isabelle hermann,Rua Silva Alvarenga 31,Agenor Carvalho,76820284,Porto Velho,RO,13061972,739
19330844995,Isadora Moreira,"Av. dos Estudantes, 234",Vl Aeroporto,15025310,S J do Rio Preto,sp,22081970,847
22379890951,Isadora netto,Rua Manoel Ache 503,Jardim Iraja,14020590,Ribeirao preto,sp,04101975,833
94914350351,isaque abbenberg,Avenida Aruana 511,Tambore,06460010,Barueri,sp,18041980,412
15692481847,isaura ferraz,"AV CABO BRANCO, 28",Cabo Branco,58045905,Joao Pessoa,PB,13011974,810
02580053433,Ismael Alegria,"Rua prof Max Zendron, 901",Vila Sao Jorge,06402010,Barueri,SP,02021994,838
40450411338,Ismael Belem,Avenida Praia do Amapa 908 casa 2,Praia do Amapa,69906640,Rio Branco,AC,26061981,662
51721299955,israel lopes,Rua Andre Reboucas 97 cj 54,Campo Alegre,31730130,Belo horizonte,mg,20051999,565
89926788602,israel Telles,Passagem Jarbas Passarinho 688,Castanheira,66645410,Belem,PA,12011973,256
45018768835,james de andrade,Rua Manoel Ache 504,Jardim Iraja,14020590,Ribeirao Preto,SP,17021991,460
07497275003,james Domingues,Rua Manoel Ache 999,Jardim Iraja,14020590,S J dos campos,SP,27011988,762
30858879034,janaina vanzan,Via Republica do Equador 60,Montese,60420820,Fortaleza,CE,04011965,896
64965257499,jaqueline buckmann,Rua Omar Medeiros 111,Alecrim,59040020,Natal,RN,22061979,892
42863385925,jaqueline de queiroz,"Rua Raimundo Nonato, 327",Jd Comerciarios,31640230,Belo horizonte,mg,11041973,989
95460868351,jaqueline mazzali,Via Republica do Equador 66,Montese,60420820,Fortaleza,CE,04011965,977
03143408235,jaqueline riche,Passagem Jarbas Passarinho 683,Castanheira,66645410,Belem,PA,12011973,864
96244044967,jean Novaes,"Rua prof Max Zendron, 902",Vl Sao Jorge,06402010,Barueri,sp,09041971,579
89963991912,jean weiss,Via Republica do Equador 67,Montese,60420820,Fortaleza,CE,04011965,778
15345828008,jennifer de queiroz,"Avenida Rui Barbosa, 908",Torre,58040490,Joao pessoa,pb,13091978,242
46479663217,joao antonio dieckmann,Rua Silva Alvarenga 800 16and,Pinheirinho,88804380,Criciuma,SC,16061974,544
47721697506,joao lucas buckmann,Rua Manoel Ache 993,Jardim Iraja,14020590,S J dos campos,SP,27011988,490
00036566918,joao pedro bongiovanni,"Travessa Largo do Farol, 56 casa 4",Mae Luiza,59014382,Natal,RN,18011979,864
44372080484,joao pedro Ramires,"Travessa Largo do Farol, 56 casa 1",Mae Luiza,59014382,Natal,RN,18011979,793
41522573003,joao vitor Boaventura,"AV CABO BRANCO, 27",Cabo Branco,58045905,Joao Pessoa,PB,13011974,490
43853508413,joao vitor de Velloso,Rua Aimberê 1826,Sumare,01258020,Sao Paulo,SP,20061978,881
99984892107,Joaquim castilho,"Rua Raimundo Nonato, 2002",Jd Comerciarios,31640230,Belo Horizonte,MG,01051990,872
68297017591,Joaquim ferrara,Rua Promotor Jose Medeiros 32,Farolandia,49030690,Aracaju,SE,19031963,441
09126165201,john Belchior,"Rua Raimundo Nonato, 2003",Jd Comerciarios,31640230,Belo Horizonte,MG,17031965,471
12039278001,jonathan zacchi,Rua Andre Reboucas 97 cj 54,Campo Alegre,31730130,Belo horizonte,mg,20051999,317
64615826141,jordan Mello,Rua Rebouças 999,Jd Sao Paulo,75106130,Anapolis,GO,18051999,981
31967994765,jordan Quaresma,Rodovia dos Naufragos km 331,Zona de Expansao,49000016,Aracaju,SE,23011984,450
45617661205,jorge vandino,Rua Nova Republica 500 1 and,Vila Luizao,65068635,Sao Luiz,MA,08011969,458
02936333202,jose luis onhas,"Rua Cila, 101 12 andar",Vila Imperial,15015800,S J do Rio Preto,sp,19011980,588
88219197226,juliana Gomes,"Rua Placido de Castro, 8142",J Kubitschek,76829385,Porto Velho,RO,19011980,425
51349558753,juliane Almada,alameda madeira 2098,alphaville indl,06454010,Barueri,SP,03031977,630
75962816307,juliane cruz,"Rua Cila, 558",Vila Imperial,15015800,S J do Rio Preto,sp,05041967,319
61088622038,juliane Martins,Rua Engenheiros Reboucas 1428,Reboucas,80230040,Curitiba,pr,08051994,597
02394376678,juliane toscano,"Rua Praia do Forte, 43",Taruma,69041320,Manaus,AM,01031979,493
11705019153,julianne Marques,Rua Manoel Ache 502,Jardim Iraja,14020590,Ribeirao Preto,SP,17021991,298
02686253363,julie das Neves,Rua Omar Medeiros 111,Alecrim,59040020,Natal,RN,22061979,873
94211644742,julie schmutz,"Rua Raimundo Nonato, 999",Jd Comerciarios,31640230,Belo horizonte,mg,20081968,533
48839594736,Julio castiel,Rua Nova Republica 500 10 and,Vila Luizao,65068635,Sao Luiz,MA,08011969,567
06758002187,Julio Cesar Galvao,Rua Lapa 406,Esplanada,30280120,Belo Horizonte,MG,09011970,457
02191692257,Julio Cesar trave,"Beco da Consolacao, 101 casa 4",Consolacao,29045466,Vitoria,ES,06011967,792
81947491741,Julio Cezar schneider,"Rua Piraja da silva, 45 3 andar",Vl Metalurgica,09220830,Santo andre,sp,16101981,734
41561261297,Julio Rebello,Rua Manoel Ache 1002,Jardim Iraja,14020590,S J dos campos,SP,27011988,526
63848278243,Julio Telles,"Rua Niteroi, 1999",Pq Indl Lagoinha,14095020,Ribeirao preto,sp,28071950,560
16282256615,kaique Cunha,Rua Direita 50,Paranapiacaba,09150230,Santo andre,sp,05051993,650
84936920428,kaique weiss,Rua Primeiro de Janeiro 50,Centro,19740000,Bora,SP,31011992,797
68662496199,karl de Velloso,"Av. Glaycon de Paiva, 721",Centro,69301250,Bos Vista,RR,20011981,251
73021614027,kaua holliday,Rua Fernando Ribeiro Reboucas 1009,Gabriela,44028883,Feira de Santana,BA,12051996,615
12352885361,kaua langrin,Via Republica do Equador 58,Montese,60420820,Fortaleza,CE,04011965,661
43028628589,kaua mazzali,SCS Quadra 8 Bloco B Lotes 50/68,Asa Sul,70333900,Brasilia,DF,05011966,967
94653476551,kaua uliana,Passagem Jarbas Passarinho 677,Castanheira,66645410,Belem,PA,12011973,251
20363677127,kauan ivanshkov,"Rua dos Pinheiros, 500",Jorge Teixeira,69088400,Manaus,AM,14031968,847
37554375628,kevin ataide,"Beco Nove de Julho, 15 casa 10",Nossa Sra Fatima,30230170,Belo horizonte,mg,22041998,890
44681024112,Lara liberato,Rua Sao Joao 265,Santa Laura,78091152,Cuiaba,MT,11011972,528
93395775585,larissa Vidal,Rua Eliseu de Alvarenga 348,Chatuba,26585031,Mesquita,RJ,26051962,947
01926214323,Laura Brites,Rua Aimberê 1829,Sumare,01258020,Sao Paulo,SP,20061978,295
13776847255,Laura da rocha,"Av. dos Estudantes, 239",Vl Aeroporto,15025310,S J do Rio Preto,sp,22081970,826
31585799521,Laura Quarteira,"Rua Siqueira Campos, 963",Centro,12210250,S J dos campos,SP,19031978,774
75625780528,Leonardo dal flor,rua macatuba 10 sala 23a,vila morellato,06408040,Barueri,sp,31031962,494
22697756515,Leopoldo Felix,"Av. dos Estudantes, 236",Vl Aeroporto,15025310,S J do Rio Preto,sp,22081970,55
55422583523,Leopoldo fonseca,"2a Travessa Rio Largo, 5",COHAB,51340002,Recife,PE,14011975,516
51757846921,leticia da gama,Avenida Equatorial 123,Jd Marco Zero,68903361,Macapa,AP,03011963,625
66328045603,liesel saad,Rua Sao Joao 270,Santa Laura,78091152,Cuiaba,MT,11011972,913
15023982068,Lis de Queiros,"Avenida Rui Barbosa, 802",Torre,58040490,Joao pessoa,PB,04041966,118
17900873686,Lis Torres,Rua Sao Joao 264,Santa Laura,78091152,Cuiaba,MT,11011972,746
64087438112,lorena tome,"Rua dos Pinheiros, 1001",Ilha Amarela,40715134,Salvador,BA,14021994,959
02567476369,lorena turra,"Avenida Rui Barbosa, 804",Torre,58040490,Joao Pessoa,PB,19021989,253
56609255962,Lorenzo Morais,"Viaduto Tiradentes, 117",Rio Branco,90430200,Porto Alegre,RS,21011982,712
01670259455,lourdes martinelli,Avenida Equatorial 237,Jd Marco Zero,68903361,Macapa,AP,03011963,798
22443933997,Lourenco aiello,Rua Rebouças 999,Jd Sao Paulo,75106130,Anapolis,GO,18051999,642
55892178307,Lourenco Calixto,"Rua Nina Lima, 1087",Trincheiras,58011090,Joao pessoa,pb,14041976,603
95537921383,luana nielsen,"Rua dos Pinheiros, 503",Jorge Teixeira,69088400,Manaus,am,07041969,664
32152538447,luana pravato,"Rua Rotary, 2018",V Alto Sto Andre,09240600,Santo andre,sp,01091973,569
48835903998,lucas fachini,"rua leila acras, 890",jardim leila,07121010,Guarulhos,SP,27021981,355
59430869515,lucca duque,SCS Quadra 8 Bloco B Lotes 50/67,Asa Sul,70333900,Brasilia,DF,05011966,498
47395386957,luis antonio azevedo,Rua Aimberê 1827,Sumare,01258020,Sao Paulo,SP,20061978,466
07677622585,luis antonio gianezi,Rua Nova Republica 500 22 and,Vila Luizao,65068635,Sao Luiz,MA,08011969,933
03645419977,luis henrique woodward,Rua Manoel Ache 1001,Jardim Iraja,14020590,S J dos campos,SP,27011988,657
16284178387,Luisa Siqueira,"Rua Paulista, 87",Piraja,31910340,Belo horizonte,mg,14081962,510
47558583136,luiz antonio fortarel,Passagem Jarbas Passarinho 679,Castanheira,66645410,Belem,PA,12011973,428
79438007296,madalena uchiha,Av Brasil 201,Garcia,40100560,Salvador,BA,05021997,918
59745159867,madalena Vieira,"Rua Rotary, 1987",V A Sto Andre,09240600,Santo andre,sp,15041977,925
33377640371,Maite Reis,"Rua Placido de Castro, 8129",J Kubitschek,76829385,Porto Velho,RO,19011980,776
73530630764,Maite werner,"Rua dos Pinheiros, 501",Jorge Teixeira,69088400,Manaus,AM,14031968,364
21535320605,manoel Furtado,"Rua Placido de Castro, 8123",J Kubitschek,76829385,Porto Velho,RO,19011980,743
74112903782,manoel medeitos,Rua Lapa 402,Esplanada,30280120,Belo Horizonte,MG,09011970,848
41888452609,manoel schaumann,Rua Manoel Ache 998,Jardim Iraja,14020590,S J dos campos,SP,27011988,593
51610720679,manuel wisch,Rua Nova Republica 500 19 and,Vila Luizao,65068635,Sao Luiz,MA,08011969,694
69805946568,manuele holliday,Avenida Aruana 200,Tambore,06460010,Barueri,sp,08101978,937
93109072904,manuele Mesquita,"Av. Glaycon de Paiva, 727",Centro,69301250,Bos Vista,RR,20011981,971
96314291054,marcella Figueiroa,"Rua Praia do Forte, 43",Taruma,69041320,Manaus,AM,01031979,987
03200769114,Marcello Belchior,"Viaduto Tiradentes, 104",Rio Branco,90430200,Porto Alegre,RS,21011982,836
83388887535,Marcio vescovi,Rua Promotor Jose Medeiros 31,Farolandia,49030690,Aracaju,SE,24061980,820
81374700932,maria de lourdes castilho,Rua Manoel Ache 1004,Jardim Iraja,14020590,S J dos campos,SP,27011988,857
89266940895,maria de lourdes morandini,Avenida Ceara 506 apto 52,Baixada Habitasa,69905163,Rio Branco,AC,11111999,244
30162844301,maria de lurdes trump,"Rua Siqueira Campos, 965",Centro,12210250,S J dos campos,SP,21031961,912
56668038247,maria de lurdes wayland,Rua Sao Joao 259,Santa Laura,78091152,Cuiaba,MT,11011972,551
29980661518,maria eduarda bonner,Avenida Ceci 501,Tambore,06460120,Barueri,SP,06071977,826
52439554006,maria eduarda buckmann,Avenida Ceci 10,Tambore,06460120,Barueri,SP,06071986,470
62288599278,maria julia Evangelista,"Rua Pampulha, 10a bloco A",Cj Taquaril,30290494,belo horizonte,mg,16041978,406
41455592749,maria julia giudice,"Travessa Largo do Farol, 65",Mae Luiza,59014382,Natal,RN,18011979,658
36127030722,maria julia Gutierrez,Rua Sao Joao 263,Santa Laura,78091152,Cuiaba,MT,11011972,808
89524886529,maria julia Moreira,"Beco Nove de Julho, 15",N Sra de Fatima,30230170,Belo Horizonte,MG,23021985,355
22165802601,maria julia Pinheiro,"Rua Gutenberg Alvarenga, 108",Vila Caraguata,11535090,Cubatao,sp,27051963,882
81653647906,maria julia Sampaio,Rua Sao Joao 267,Santa Laura,78091152,Cuiaba,MT,11011972,500
37371592972,Maria lage,Rua João de Alvarenga 35 bloco 25,Pq R B Horizonte,87507640,Umuarama,PR,10061971,481
71646032195,maria lucia Goulart,"Travessa Largo do Farol, 61",Mae Luiza,59014382,Natal,RN,18011979,472
19059427378,maria luiza Alvim,Alameda do Forte,Piatã,41650375,Salvador,ba,03051992,400
28273798135,maria luiza benatti,"Rua Raimundo Nonato, 329",Jd Comerciarios,31640230,Belo horizonte,mg,11041973,883
07922914334,maria rita vandino,Rua Nova Republica 500 7 and,Vila Luizao,65068635,Sao Luiz,MA,08011969,477
02169328157,mariah bernardi,Avenida Aruana 206,Tambore,06460010,Barueri,SP,18071993,558
06078763792,mariah Botelho,"Rua Uberaba, 805",Jardim Ismenia,12220740,S J dos campos,SP,18031964,465
99195864555,mariah Novaes,Rua Alvarenga Peixoto 10,Penedo,54715110,S Lourenco Mata,PE,06061969,652
96011388116,mariane de Veloso,"Viaduto Tiradentes, 111",Rio Branco,90430200,Porto Alegre,RS,21011982,594
65801643109,marianne Ramos,"Rua Cila, 101 12 andar",Vila Imperial,15015800,S J do Rio Preto,sp,19011980,420
32840610965,marina Brito,Travessa Paraguacu Paulista 101,Crespo,69073189,Manaus,AM,22021986,587
94747370293,marina lopes,"Viaduto Tiradentes, 107",Rio Branco,90430200,Porto Alegre,RS,21011982,836
74446414399,marina wash,"Travessa Largo do Farol, 64",Mae Luiza,59014382,Natal,RN,18011979,794
61419208705,mario barbosa,SCS Quadra 8 Bloco B Lotes 50/62,Asa Sul,70333900,Brasilia,DF,05011966,799
13103664206,matheus falsoni,Rua Lapa 407,Esplanada,30280120,Belo Horizonte,MG,09011970,539
93834886467,matias lambertini,Avenida Aruana 202,Tambore,06460010,Barueri,SP,16111986,972
16767182907,matias reymond,"Rua Placido de Castro, 8121",J Kubitschek,76829385,Porto Velho,RO,19011980,946
14131845539,matias Taveira,Av Brasil 1000,Compensa,69036110,Manaus,AM,03011962,304
12641438771,mayara riche,"Rua Floriano Peixoto, 9823",Santos Dumont,15020010,S J do Rio Preto,SP,20071994,783
82388451906,michael de Freitas,Rua Lapa 401,Esplanada,30280120,Belo Horizonte,MG,09011970,663
80201310511,millena venturim,Avenida Guaicurus 338,Jd Campina Verde,79062194,Campo Grande,MS,10011971,152
66700306493,Mirela Maldonado,Rua Nossa Senhora da Consolacao 5,Angelim,64040685,Teresina,PI,15011976,893
81465977937,murillo cavatti,Passagem Jarbas Passarinho 687,Castanheira,66645410,Belem,PA,12011973,661
81895356504,murillo dolabella,"Rua Cila, 559",Vila Imperial,15015800,S J do Rio Preto,sp,05041967,901
81994967382,natalia trancho,Rua Manoel Ache 1009,Jardim Iraja,14020590,S J dos campos,SP,27011988,871
22347148508,natalia winchester,"Rua Raimundo Nonato, 256",Jd Comerciarios,31640230,belo horizonte,mg,02081953,792
60406740593,natan sander,Edíficio Beira Mar s/n,Cabo Branco,58045905,Joao Pessoa,PB,04031976,755
23968217411,natanael saad,Avenida Aruana 204,Tambore,06460010,Barueri,SP,25031957,741
73296640576,nathan bertoletti,Via Republica do Equador 56,Montese,60420820,Fortaleza,CE,04011965,522
42879934893,nathan schoemberg,Rua Niteroi 1999,Pq Ind Lagoinha,14095020,Ribeirao preto,sp,02051991,391
24223395572,nela Albuquerque,"Rua Placido de Castro, 8143",J Kubitschek,76829385,Porto Velho,RO,19011980,415
38819961091,octavio Avila,"Rua Cila, 557",Vila Imperial,15015800,S J do Rio Preto,sp,05041967,623
67011059202,octavio goncalves,Avenida Paulista 2202,Bela Vista,01310932,Sao Paulo,SP,04071985,853
60356722481,Olivia woodward,"Avenida N Sra de Copacabana, 10 apto 50",Copacabana,22070011,Rio de Janeiro,RJ,17011978,919
79367074255,Omar Ornelas,"Beco Nove de Julho, 18",Nossa Sra Fatima,30230170,Belo horizonte,mg,21091981,209
20237587696,Osmar yagami,Avenida Aruana 203,Tambore,06460010,Barueri,SP,18021990,894
86949677073,osvaldo pires,"Travessa Largo do Farol, 62",Mae Luiza,59014382,Natal,RN,18011979,486
52738050158,osvaldo Vareta,"Rua dos Pinheiros, 1001",Ilha Amarela,40715134,Salvador,BA,14021994,384
23737154902,oswald close,"Rua Siqueira Campos, 964",Centro,12210250,S J dos campos,SP,10071989,938
69119626843,oswald de Reszende,Av Brasil 204,Garcia,40100560,Salvador,BA,05021997,981
06144957251,Otavio de Novais,Rua Joe Collaço. 579,Santa Monica,88035200,Florianopolis,SC,22011983,539
23043639707,Otavio saad,Rua Lapa 24 apto 19,Esplanada,30280120,Belo Horizonte,MG,09011970,926
45207843796,pablo berta,Rua Nossa Senhora da Consolacao 4,Angelim,64040685,Teresina,PI,15011976,798
86512144309,Paco badaro,"Rua Placido de Castro, 8130",J Kubitschek,76829385,Porto Velho,RO,19011980,749
35954886792,Paco Ramires,Rua Sao Joao 258,Santa Laura,78091152,Cuiaba,MT,11011972,650
04055942915,Paco Tavares,Alameda do Forte km 3,Piata,41650375,Salvador,BA,28021980,961
34927342603,paschoal dal piaz,Avenida Vila Paulista 222,Santa Monica,40342180,Salvador,ba,15101980,298
17120436848,Patricio fonseca,Rua Manoel Ache 31 sala 11,Jardim Iraja,14020590,S J dos campos,SP,24031958,536
23134907003,Patrick falabella,Rua Manoel Ache 31 sala 10,Jardim Iraja,14020590,S J dos campos,SP,18031964,588
84038746933,Paula lago,Avenida Praia do Amapa 908 casa 2,Praia do Amapa,69906640,Rio Branco,AC,26061981,871
98698419704,Paulo bane,Alameda do Forte km 4 Bloco AB,Piata,41650375,Salvador,BA,05031975,916
82748740483,Pedro costa,"Avenida Rui Barbosa, 797",Torre,58040490,Joao pessoa,PB,04041966,152
01350953601,pedro henrique habib,Rua Maria Conceicao Alvarenga 88,Jardim Alegria,18103591,Sorocaba,SP,04061968,634
84617705015,pedro henrique vitorio,Rua Sao Joao 269,Santa Laura,78091152,Cuiaba,MT,11011972,491
20235806684,pietro Frutuoso,"Rua Gutenberg Alvarenga, 112",Vila Caraguata,11535090,Cubatao,sp,27051963,858
45877202758,Pilar Muniz,Rua Amapa (Lot Ipe) 110,Bone Azul,68909461,Macapa,AP,28061982,746
05735283308,priscilla Ramires,Rua Joe Collaço. 584,Santa Monica,88035200,Florianopolis,SC,22011983,882
03220000509,rafaella Escobar,"Viaduto Tiradentes, 118",Rio Branco,90430200,Porto Alegre,RS,21011982,851
06834954104,raissa toledo,Rua Manoel Ache 994,Jardim Iraja,14020590,S J dos campos,SP,27011988,456
70238058506,Ramon Teixeira,"Rua Placido de Castro, 8134",J Kubitschek,76829385,Porto Velho,RO,19011980,485
64011541281,raphael giglioli,Passagem Jarbas Passarinho 675,Castanheira,66645410,Belem,PA,12011973,591
19727123902,ravi beckman,Rua Lapa 405,Esplanada,30280120,Belo Horizonte,MG,09011970,674
29473265476,rayane vanzan,"Av. Glaycon de Paiva, 717",Centro,69301250,Bos Vista,RR,20011981,243
99891917789,rebecca trancho,Avenida Equatorial 234,Jd Marco Zero,68903361,Macapa,AP,03011963,544
29469142675,Reinaldo Belem,Rua Nova Republica 500 20 and,Vila Luizao,65068635,Sao Luiz,MA,08011969,375
24626560067,Reinaldo de Menezes,Passagem Jarbas Passarinho 676,Castanheira,66645410,Belem,PA,12011973,542
95668814289,Ricardo donadello,Avenida Ceara 506 apto 53,Baixada Habitasa,69905163,Rio Branco,AC,11111999,850
57878009236,rita de cassia hickmann,rua macatuba 10 sala 1000,vila morellato,06408040,Barueri,sp,31031962,613
23318011347,rita de cassia Hipolito,Alameda do Forte 1809,Piata,41650375,Salvador,BA,04011964,469
21480650846,rita de cassia Machado,Passagem Jarbas Passarinho 686,Castanheira,66645410,Belem,PA,12011973,467
78822203372,rita de cassia schaumann,Rua Casper Líbero 107 sala 12,Jardim Utinga,09230840,Santo andre,sp,01051990,596
68418337249,roberto Brites,Rua Manoel Ache 987,Jardim Iraja,14020590,S J dos campos,SP,27011988,445
98774751387,roberto Cazzian,Via Republica do Equador 59,Montese,60420820,Fortaleza,CE,04011965,824
48948250744,roberto de Queiros,Edíficio Beira Mar s/n,Cabo Branco,58045905,Joao Pessoa,PB,04031976,438
33265850633,robson Antines,"Rua Gutenberg Alvarenga, 109",Vila Caraguata,11535090,Cubatao,sp,27051963,274
48969189327,ryan dolla,"Av. Glaycon de Paiva, 718",Centro,69301250,Bos Vista,RR,20011981,961
72620037204,sabrina Fogazza,Rua Nova Republica 500 25 and,Vila Luizao,65068635,Sao Luiz,MA,08011969,982
67860699672,samuel de Tavares,"Viaduto Tiradentes, 103",Rio Branco,90430200,Porto Alegre,RS,21011982,991
46412522204,samuel zanata,"2a Travessa Rio Largo, 9",COHAB,51340002,Recife,PE,14011975,137
40899809928,sandra bernardi,"Rua Floriano Peixoto, 9823",Santos Dumont,15020010,S J do Rio Preto,SP,26031957,967
08906913478,sandra zanelatto,"Rua Cila, 556",Vila Imperial,15015800,S J do Rio Preto,sp,05041967,434
73581745003,sarah Coutinho,"Rua Raimundo Nonato, 257",Jd Comerciarios,31640230,belo horizonte,mg,02041964,559
30519042875,saulo Aielo,"Rua Placido de Castro, 8120",J Kubitschek,76829385,Porto Velho,RO,19011980,777
68326356646,saulo walloey,"Beco Nove de Julho, 11",Nossa Sra Fatima,30230170,Belo horizonte,mg,24061980,421
46840233979,sergio prates,Rua Manoel Ache 501,Jardim Iraja,14020590,Ribeirao Preto,SP,17021991,785
65638643176,sergio vianna,"Rua Cila, 560",Vila Imperial,15015800,S J do Rio Preto,sp,05041967,441
97706899047,stephanie Batista,Edíficio Beira Mar s/n,Cabo Branco,58045905,Joao Pessoa,PB,04031976,553
28956553408,stephanie Goes,SCS Quadra 8 Bloco B Lotes 50/70,Asa Sul,70333900,Brasilia,DF,05011966,697
08422262061,Tais fischer,"Viaduto Tiradentes, 109",Rio Branco,90430200,Porto Alegre,RS,21011982,590
35456905809,Tais silva,Rua Aimberê 1828,Sumare,01258020,Sao Paulo,SP,20061978,955
83195763931,tales Chaves,"Beco da Consolacao, 101 casa 3",Consolacao,29045466,Vitoria,ES,06011967,513
47863228816,tales schwarz,Rua Manoel Ache 997,Jardim Iraja,14020590,S J dos campos,SP,27011988,820
22834533997,talita castilho,"Rua dos Pinheiros, 101",Jorge Teixeira,69088400,Manaus,AM,07021998,836
59278448559,talita dieckmann,Rua Jose de Almeida Reboucas 45 Bloco 24 cj6,Mata da Praia,29066150,Vitoria,ES,16051998,748
16688288125,talita moutram,Passagem Jarbas Passarinho 678,Castanheira,66645410,Belem,PA,12011973,569
85303813193,talita Sales,Rua Manoel Ache 1010,Jardim Iraja,14020590,S J dos campos,SP,27011988,971
42839378604,tamires Assuncao,Rua Lapa 400,Esplanada,30280120,Belo Horizonte,MG,09011970,365
25692650045,tamires donadello,Rodovia dos Naufragos km 334,Zona de Expansao,49000016,Aracaju,SE,23011984,774
94943323936,tamisa schneider,"Avenida Rui Barbosa, 908",Torre,58040490,Joao pessoa,pb,17031968,147
06392783024,tamisa Torres,Rua Lapa 24 apto 21,Esplanada,30280120,Belo Horizonte,MG,09011970,976
77315128603,Teresa Freitas,"Rua Pampulha, 1878",Cj Taquaril,30290494,Belo Horizonte,MG,16021992,738
30356998363,Terezinha de Nogueira,Avenida Vila Paulista 10,Santa Monica,40342180,Salvador,BA,21021987,803
92924010926,thalita benatti,"Avenida Brigadeiro Faria Lima, 172",Cocaia,07130000,Guarulhos,SP,10031970,119
96885471747,thalita Vilela,"Rua Nina Lima, 1708",Trincheiras,58011090,Joao pessoa,pb,25041987,907
75020992046,theo Apolinario,"Rua Placido de Castro, 8131",J Kubitschek,76829385,Porto Velho,RO,19011980,559
70670442941,Thiago da gama,"Rua Paulista, 789",Piraja,31910340,Belo Horizonte,MG,08021999,381
59659701373,Thiago Gouveia,Travessa Paraguacu Paulista 99,Crespo,69073189,Manaus,AM,22021986,693
83278953975,thomas Ibrahim,"Rua dos Pinheiros, 502",Jorge Teixeira,69088400,Manaus,am,12081960,548
94123288693,thomas moscovis,Rua Nova Republica 500 21 and,Vila Luizao,65068635,Sao Luiz,MA,08011969,946
53152417349,thomas zucoloto,SCS Quadra 8 Bloco B Lotes 50/69,Asa Sul,70333900,Brasilia,DF,05011966,863
27805918201,Tiago fernandes,Rua Nova Republica 500 16 and,Vila Luizao,65068635,Sao Luiz,MA,08011969,871
22424384177,tomas avilla,"Rua Cila, 101 12 andar",Vila Imperial,15015800,S J do Rio Preto,sp,05041967,843
00928412792,tomas kalil,rua leila acras 890,jardim leila,07121010,Guarulhos,sp,25041987,383
50192851888,tomas Ourique,Avenida Equatorial 235,Jd Marco Zero,68903361,Macapa,AP,03011963,388
13786659109,Tulio scherazade,"Viaduto Tiradentes, 108",Rio Branco,90430200,Porto Alegre,RS,21011982,896
58865016574,vanessa da rocha,Alameda do Forte km 4 Bloco A,Piata,41650375,Salvador,BA,05031975,841
02660077835,vanessa moesto,Avenida Ceci 789,Tambore,06460120,Barueri,SO,12021996,566
99856416639,vanessa winner,"Av. Glaycon de Paiva, 716",Centro,69301250,Bos Vista,RR,20011981,706
45467918958,Vicente Drumond,"Rua Cila, 562",Vila Imperial,15015800,S J do Rio Preto,sp,05041967,322
42898050431,Vinicius wayland,Rua Manoel Ache 1008,Jardim Iraja,14020590,S J dos campos,SP,27011988,937
46681006841,Virgilio lopes,Avenida Ceara 247,Baixada Habitasa,69905163,Rio Branco,AC,01011960,195
27866278008,Virginia Ferrari,"Viaduto Tiradentes, 112",Rio Branco,90430200,Porto Alegre,RS,21011982,592
74379417166,Virginia menegel,Rua Silva Alvarenga 31,Agenor Carvalho,76820284,Porto Velho,RO,13061972,695
72032204274,Virginia schoemberg,Rua Lapa 24 apto 26,Esplanada,30280120,Belo Horizonte,MG,09011970,450
52229166344,Vitor Cordoba,Rua Manoel Ache 31 sala 13,Jardim Iraja,14020590,S J dos campos,SP,18031964,390
49119119569,Vitor hamburg,Rua Engenheiros Reboucas 1427,Reboucas,80230040,Curitiba,pr,08051994,482
44300243328,vitoria Ximenes,Avenida Ceci 111,Tambore,06460120,Barueri,sp,26081971,234
19309866969,Vitorio silva,"Av. dos Estudantes, 235",Vl Aeroporto,15025310,S J do Rio Preto,sp,22081970,574
13964080373,Wagner Gouveia,Avenida Vila Paulista 89,Santa Monica,40342180,Salvador,BA,22071996,718
13117862528,Walter lage,"Beco da Consolacao, 101 casa 14",Consolacao,29045466,Vitoria,ES,06011967,690
16110124656,Walter Vasconcelos,Avenida Aruana 512,Tambore,06460010,Barueri,sp,18041980,986
96726504772,wesley volpato,Av Brasil 202,Garcia,40100560,Salvador,BA,05021997,903
79507444211,William beckman,Via Republica do Equador 57,Montese,60420820,Fortaleza,CE,04011965,944
03215362902,yan da fonseca,Via Republica do Equador 64,Montese,60420820,Fortaleza,CE,04011965,516